{
    "loss": 15.85486125946045,
    "accuracy": 0.690077006816864
}