{
    "loss": 17.234222412109375,
    "accuracy": 0.690077006816864
}